{"cameraMode":{"drawMode":0,"name":"Shaded","section":"Shading Mode"},"sceneLighting":false,"audioPlay":false,"sceneViewState":{"showFog":true,"showMaterialUpdate":false,"showSkybox":true,"showFlares":true,"showImageEffects":true,"showParticleSystems":true},"in2DMode":false,"pivot":{"x":-4.476228713989258,"y":-1.6490750312805176,"z":-5.579048156738281},"rotation":{"x":-0.3103411793708801,"y":-0.22853489220142365,"z":0.07713127136230469,"w":-0.9195166826248169},"size":4.762930870056152,"orthographic":true}