{"cameraMode":{"drawMode":0,"name":"Shaded","section":"Shading Mode"},"sceneLighting":false,"audioPlay":false,"sceneViewState":{"showFog":true,"showMaterialUpdate":false,"showSkybox":true,"showFlares":true,"showImageEffects":true,"showParticleSystems":true},"in2DMode":false,"pivot":{"x":61.556217193603519,"y":12.388782501220704,"z":-15.563186645507813},"rotation":{"x":-0.06525006145238877,"y":-0.7926070690155029,"z":0.08618413656949997,"w":-0.6000741124153137},"size":325.1361389160156,"orthographic":false}