{"cameraMode":{"drawMode":0,"name":"Shaded","section":"Shading Mode"},"sceneLighting":false,"audioPlay":false,"sceneViewState":{"showFog":true,"showMaterialUpdate":false,"showSkybox":true,"showFlares":true,"showImageEffects":true,"showParticleSystems":true},"in2DMode":false,"pivot":{"x":-31.37711524963379,"y":-3.5935893058776857,"z":15.529999732971192},"rotation":{"x":0.08381824940443039,"y":-0.860953688621521,"z":0.15080226957798005,"w":0.4785311222076416},"size":5.20376443862915,"orthographic":false}