{"cameraMode":{"drawMode":0,"name":"Shaded","section":"Shading Mode"},"sceneLighting":false,"audioPlay":false,"sceneViewState":{"showFog":true,"showMaterialUpdate":false,"showSkybox":true,"showFlares":true,"showImageEffects":true,"showParticleSystems":true},"in2DMode":false,"pivot":{"x":-63.579681396484378,"y":-26.651565551757814,"z":-41.94743347167969},"rotation":{"x":0.01109195314347744,"y":-0.9366858005523682,"z":0.34872499108314516,"w":0.02979281358420849},"size":490.2578430175781,"orthographic":false}