{"cameraMode":{"drawMode":0,"name":"Shaded","section":"Shading Mode"},"sceneLighting":false,"audioPlay":false,"sceneViewState":{"showFog":true,"showMaterialUpdate":false,"showSkybox":true,"showFlares":true,"showImageEffects":true,"showParticleSystems":true},"in2DMode":false,"pivot":{"x":-6.2219743728637699,"y":110.08124542236328,"z":-117.58839416503906},"rotation":{"x":0.31624850630760195,"y":-0.683080792427063,"z":0.48344090580940249,"w":0.44684717059135439},"size":8.671296119689942,"orthographic":false}