{"cameraMode":{"drawMode":0,"name":"Shaded","section":"Shading Mode"},"sceneLighting":false,"audioPlay":false,"sceneViewState":{"showFog":true,"showMaterialUpdate":false,"showSkybox":true,"showFlares":true,"showImageEffects":true,"showParticleSystems":true},"in2DMode":false,"pivot":{"x":-32.189029693603519,"y":1.2959872484207154,"z":6.84999942779541},"rotation":{"x":0.0996316596865654,"y":-0.39715999364852908,"z":0.043421871960163119,"w":0.9112914204597473},"size":36.464481353759769,"orthographic":true}