{"cameraMode":{"drawMode":0,"name":"Shaded","section":"Shading Mode"},"sceneLighting":false,"audioPlay":false,"sceneViewState":{"showFog":true,"showMaterialUpdate":false,"showSkybox":true,"showFlares":true,"showImageEffects":true,"showParticleSystems":true},"in2DMode":false,"pivot":{"x":-6.026097297668457,"y":109.91084289550781,"z":-116.89342498779297},"rotation":{"x":-0.019232260063290597,"y":-0.9017527103424072,"z":0.42993608117103579,"w":-0.040338531136512759},"size":1.4781558513641358,"orthographic":false}