{"cameraMode":{"drawMode":0,"name":"Shaded","section":"Shading Mode"},"sceneLighting":false,"audioPlay":false,"sceneViewState":{"showFog":true,"showMaterialUpdate":false,"showSkybox":true,"showFlares":true,"showImageEffects":true,"showParticleSystems":true},"in2DMode":false,"pivot":{"x":-6.2219743728637699,"y":110.08124542236328,"z":-117.58839416503906},"rotation":{"x":-0.019232260063290597,"y":-0.9017527103424072,"z":0.42993608117103579,"w":-0.040338531136512759},"size":4.766294002532959,"orthographic":false}