{"cameraMode":{"drawMode":0,"name":"Shaded","section":"Shading Mode"},"sceneLighting":false,"audioPlay":false,"sceneViewState":{"showFog":true,"showMaterialUpdate":false,"showSkybox":true,"showFlares":true,"showImageEffects":true,"showParticleSystems":true},"in2DMode":false,"pivot":{"x":-6.2219743728637699,"y":110.08124542236328,"z":-117.58839416503906},"rotation":{"x":0.08381824940443039,"y":-0.860953688621521,"z":0.15080226957798005,"w":0.4785311222076416},"size":3.26629376411438,"orthographic":false}