{"cameraMode":{"drawMode":0,"name":"Shaded","section":"Shading Mode"},"sceneLighting":false,"audioPlay":false,"sceneViewState":{"showFog":true,"showMaterialUpdate":false,"showSkybox":true,"showFlares":true,"showImageEffects":true,"showParticleSystems":true},"in2DMode":false,"pivot":{"x":-6.320068359375,"y":-4.775819778442383,"z":2.349587917327881},"rotation":{"x":0.16300155222415925,"y":0.6980819702148438,"z":-0.16816875338554383,"w":0.6766323447227478},"size":149.67994689941407,"orthographic":false}