{"cameraMode":{"drawMode":0,"name":"Shaded","section":"Shading Mode"},"sceneLighting":true,"audioPlay":false,"sceneViewState":{"showFog":true,"showMaterialUpdate":false,"showSkybox":true,"showFlares":true,"showImageEffects":true,"showParticleSystems":true},"in2DMode":false,"pivot":{"x":-25.404516220092775,"y":67.9920425415039,"z":-69.86080169677735},"rotation":{"x":-0.1891542375087738,"y":-0.6849012970924377,"z":0.1913224309682846,"w":-0.6771460175514221},"size":3.1416585445404054,"orthographic":false}