{"cameraMode":{"drawMode":0,"name":"Shaded","section":"Shading Mode"},"sceneLighting":false,"audioPlay":false,"sceneViewState":{"showFog":true,"showMaterialUpdate":false,"showSkybox":true,"showFlares":true,"showImageEffects":true,"showParticleSystems":true},"in2DMode":false,"pivot":{"x":-70.9000015258789,"y":1.6661536693572999,"z":33.29049301147461},"rotation":{"x":0.12418761104345322,"y":-0.35663464665412905,"z":0.04789542406797409,"w":0.9247135519981384},"size":52.61775588989258,"orthographic":true}