{"cameraMode":{"drawMode":0,"name":"Shaded","section":"Shading Mode"},"sceneLighting":true,"audioPlay":false,"sceneViewState":{"showFog":true,"showMaterialUpdate":false,"showSkybox":true,"showFlares":true,"showImageEffects":true,"showParticleSystems":true},"in2DMode":false,"pivot":{"x":17.680681228637697,"y":-6.803752899169922,"z":18.063758850097658},"rotation":{"x":0.3562859892845154,"y":-0.2924309968948364,"z":0.11846509575843811,"w":0.8794944286346436},"size":72.51934814453125,"orthographic":false}